Subject, ITDmean, ITDmedian, ITDmin, ITDmax, FMleftMean, FMleftMedian, FMleftMin, FMleftMax, FMrightMean, FMrightMedian, FMrightMin, FMrightMax, mistakeITD, mistakeFMLeft, mistakeFMRight, ERPn1lat180, ERPp2lat180, ERPmag180, ITCmag180, HL500left, HL500right, HFAleft, HFAright, FFR1Kmag, Ref
S025, 28.777552, 27.910236, 24.243752, 37.593384, 16.689678, 15.624787, 12.942767, 22.566370, 20.016772, 20.211893, 18.524276, 21.119028, 0.006372, 0.000000, 0.000000, 0.127700, 0.169900, 0.502000, 0.419100, 8.650000, 6.150000, -3.975000, 0.900000, 0.000078, 0.021461

S031, 32.569650, 32.628022, 29.366947, 35.417040, 12.027375, 12.040139, 11.334641, 12.694582, 10.716706, 10.958229, 8.382586, 12.567779, 0.002451, 0.000000, 0.000000, 0.127700, 0.213100, 1.022000, 0.637800, -3.600000, 1.275000, -0.100000, 1.650000, 0.000030, 0.005409

S043, 31.538545, 30.922152, 29.127321, 34.932684, 14.988637, 14.531750, 13.759492, 17.131557, 14.097583, 14.188707, 12.819561, 15.193357, 0.005000, 0.000000, 0.000000, 0.129200, 0.217800, 1.046000, 0.917500, 3.525000, 5.775000, 16.587500, 11.775000, 0.000012, 0.004204

S051, 33.713610, 33.599132, 27.889034, 44.860761, 15.820471, 16.131974, 13.302235, 17.715703, 15.137162, 14.849668, 13.870142, 16.979169, 0.028966, 0.000000, 0.000000, 0.121600, 0.209200, 0.927000, 0.636500, 11.400000, 9.025000, 4.400000, 4.462500, 0.000028, 0.011149

S072, 30.811894, 30.935828, 26.444386, 33.478840, 11.089116, 11.252779, 9.542425, 12.308479, 12.210193, 12.844307, 9.172757, 13.979400, 0.004701, 0.000000, 0.000000, 0.153600, 0.215300, 2.180000, 1.473000, 1.650000, -2.225000, 8.087500, -0.725000, NaN, 0.006409

S075, 26.849535, 27.060347, 24.760922, 29.127321, 14.549247, 14.607569, 13.979400, 15.002451, 14.110242, 14.044729, 13.064250, 15.287259, 0.000000, 0.000000, 0.000000, 0.130900, 0.192900, 0.533000, 0.362700, 11.275000, 3.150000, -0.225000, -1.787500, 0.000016, 0.004738

S078, 31.417356, 30.935828, 29.600139, 34.679986, 21.294327, 21.336512, 20.267279, 22.237007, 21.382595, 21.325898, 20.475334, 22.403249, 0.002049, 0.000000, 0.009434, 0.125500, 0.189500, 1.301000, 1.113300, 7.150000, 2.275000, 9.275000, 6.587500, NaN, 0.003643

S084, 29.089141, 29.247134, 26.927059, 30.578334, 13.735317, 13.962402, 12.308479, 14.707985, 12.973834, 12.631180, 12.439096, 14.193877, 0.000000, 0.000000, 0.000000, 0.127400, 0.235400, 0.854000, 0.641200, 2.150000, 13.525000, 2.337500, -1.975000, 0.000023, 0.006717

S117, 35.050729, 34.082179, 32.749795, 38.318544, 17.815713, 17.039292, 16.258267, 20.926000, 18.754582, 18.875470, 16.341386, 20.926000, 0.006264, 0.000000, 0.000000, 0.150900, 0.213600, 1.423000, 1.070800, 6.900000, 8.650000, -1.975000, 3.525000, 0.000038, 0.006687

S123, 25.805911, 25.963771, 23.045767, 27.889034, 12.084734, 11.475797, 10.881361, 14.505979, 9.184010, 9.170704, 7.513272, 10.881361, 0.000000, 0.006098, 0.000000, 0.103000, 0.189700, 0.948000, 0.658100, 3.150000, -8.850000, -0.162500, 1.025000, NaN, 0.017220

S127, 26.296629, 25.726393, 19.912704, 32.986697, 9.469995, 9.427829, 8.786654, 10.237667, 11.192113, 11.469754, 7.958800, 13.870142, 0.000000, 0.000000, 0.000000, 0.143800, 0.214600, 0.998000, 1.254300, 3.775000, 1.275000, -1.912500, -2.475000, 0.000018, 0.005768

S128, 28.689956, 28.880896, 24.506186, 31.053364, 9.069170, 8.584620, 8.382586, 10.724854, 10.863478, 11.257861, 9.172757, 11.765434, 0.000000, 0.000000, 0.000000, 0.122800, 0.233900, 0.679000, 0.552000, 8.275000, 8.650000, -4.912500, -0.100000, NaN, 0.008196

S132, 23.624681, 23.287057, 22.542096, 25.249022, 7.871262, 8.479966, 5.165560, 9.359558, 8.494320, 9.439426, 4.217067, 10.881361, 0.000000, 0.000000, 0.000000, 0.127900, 0.211200, 0.941000, 0.710200, 11.650000, -2.100000, 3.837500, 11.087500, NaN, 0.008385

S133, 23.418161, 23.546846, 17.952542, 26.444386, 9.616512, 9.540540, 8.981851, 10.403118, 8.458531, 7.890406, 6.287879, 11.765434, 0.000000, 0.000000, 0.000000, 0.130400, 0.208700, 1.084000, 0.823200, 0.650000, 5.150000, -7.600000, -1.850000, 0.000029, 0.007084

S149, 23.115990, 22.816242, 21.363717, 25.483157, 13.071099, 13.119193, 12.175867, 13.870142, 14.791076, 14.522178, 13.064250, 17.055697, 0.000000, 0.000000, 0.000000, 0.126200, 0.212600, 1.336000, 1.533200, 6.275000, -0.350000, -2.537500, -6.725000, 0.000008, 0.005086

S183, 28.352398, 28.877298, 23.045767, 31.053364, 10.709990, 10.645165, 10.069004, 11.480625, 14.401946, 14.170563, 11.765434, 17.501225, 0.000000, 0.000000, 0.000000, 0.132300, 0.213900, 1.278000, 1.505200, 6.400000, 10.150000, -0.725000, 6.087500, NaN, 0.004779

S185, 29.962488, 29.727673, 26.192603, 32.986697, 8.968950, 8.979705, 7.513272, 10.403118, 12.506927, 11.400266, 10.403118, 16.824060, 0.000000, 0.000000, 0.000000, 0.149900, 0.212900, 0.465000, 0.458600, 7.025000, -1.225000, 3.837500, 7.900000, 0.000077, 0.014835

S187, 33.441444, 33.232769, 27.158697, 39.046160, 13.972075, 14.193231, 12.308479, 15.193357, 12.423284, 12.371823, 11.765434, 13.184058, 0.022825, 0.000000, 0.000000, 0.147200, 0.210200, 1.085000, 0.775400, 7.025000, 3.900000, -3.475000, -10.537500, 0.000038, 0.016609

S191, 23.667884, 23.425806, 19.912704, 28.399115, 17.042789, 14.258627, 11.480625, 28.173277, 13.297863, 13.289527, 11.904411, 14.707985, 0.000000, 0.075000, 0.000000, 0.123800, 0.212400, 0.891000, 0.884000, 5.150000, 8.525000, 2.462500, -0.662500, 0.000012, 0.005361

S194, 23.274610, 22.345426, 21.138097, 25.711146, 11.750017, 11.828246, 11.035097, 12.308479, 13.415883, 14.087301, 10.881361, 14.607569, 0.004264, 0.000000, 0.000000, 0.126700, 0.182400, 1.038000, 0.759500, -1.100000, -12.225000, 1.775000, 1.400000, 0.000020, 0.004133

S195, 29.538550, 28.883031, 26.927059, 33.478840, 11.626529, 11.623030, 10.565476, 12.694582, 11.784377, 12.040139, 10.881361, 12.175867, 0.011391, 0.000000, 0.000000, 0.126200, 0.210400, 1.419000, 1.213500, 9.025000, 7.775000, -0.600000, -4.350000, 0.000021, 0.003664

S196, 20.621313, 20.655050, 15.117497, 24.506186, 10.934825, 11.023050, 10.069004, 11.624197, 10.247796, 10.150059, 8.786654, 11.904411, 0.000000, 0.000000, 0.000000, 0.126700, 0.191900, 1.070000, 0.772900, 7.150000, 8.650000, 4.150000, -4.412500, 0.000013, 0.009008

S197, 33.715939, 31.776635, 29.366947, 39.771179, 13.043522, 13.114227, 10.565476, 15.380157, 18.573202, 18.932241, 12.942767, 23.485558, 0.026123, 0.000000, 0.009434, 0.126200, 0.212900, 3.773000, 2.182600, 10.150000, 4.775000, 11.087500, 17.837500, 0.000051, 0.012471

S216, 32.385716, 32.262853, 29.127321, 36.137161, 7.837251, 8.173277, 6.020600, 8.981851, 7.259367, 7.252989, 5.744834, 8.786654, 0.000000, 0.000000, 0.000000, 0.150100, 0.235600, 2.589000, 2.831500, 6.400000, 3.775000, -4.600000, 2.962500, 0.000032, 0.009253

S218, 32.687076, 32.749795, 28.130804, 37.110383, 14.911279, 15.142779, 13.979400, 15.380157, 11.631789, 12.040139, 7.738892, 14.707985, 0.012080, 0.000000, 0.000000, 0.125200, 0.213100, 1.121000, 1.190800, 12.150000, 11.775000, 9.400000, 5.212500, NaN, 0.004825

